PWM,pos_rad,vel_rad_per_s,time_ms
1,0.0,0.0,10.0
2,0.0,0.0,20.0
3,0.0,0.0,30.0
4,0.0,0.0,40.0
5,0.0,0.0,50.0
6,0.0,0.0,60.0
7,0.0,0.0,70.0
8,0.0,0.0,80.0
9,0.0,0.0,90.0
10,0.0,0.0,100.0
11,0.0,0.0,110.0
12,0.0,0.0,120.0
13,0.0,0.0,130.0
14,0.0,0.0,140.0
15,0.0,0.0,150.0
16,0.0,0.0,160.0
17,0.0,0.0,170.0
18,0.0,0.0,180.0
19,0.0,0.0,190.0
20,0.0,0.0,200.0
21,0.0,0.0,210.0
22,0.0,0.0,220.0
23,0.0,0.0,230.0
24,0.0,0.0,240.0
25,0.0,0.0,250.0
26,0.0,0.0,260.0
27,0.0,0.0,270.0
28,0.0,0.0,280.0
29,0.0,0.0,290.0
30,0.0,0.0,300.0
31,0.0,0.0,310.0
32,0.0,0.0,320.0
33,0.0,0.0,330.0
34,0.0,0.0,340.0
35,0.0,0.0,350.0
36,0.0,0.0,360.0
37,0.0,0.0,370.0
38,0.0,0.0,380.0
39,0.0,0.0,390.0
40,0.0,0.0,400.0
41,0.0,0.0,410.0
42,0.0,0.0,420.0
43,0.0,0.0,430.0
44,0.0,0.0,440.0
45,0.0,0.0,450.0
46,0.0,0.0,460.0
47,0.0,0.0,470.0
48,0.0,0.0,480.0
49,0.0,0.0,490.0
50,0.0,0.0,500.0
51,0.0,0.0,510.0
52,0.0,0.0,520.0
53,0.0,0.0,530.0
54,0.0,0.0,540.0
55,0.0,0.0,550.0
56,0.0,0.0,560.0
57,0.0,0.0,570.0
58,0.0,0.0,580.0
59,0.0,0.0,590.0
60,0.0,0.0,600.0
61,0.0,0.0,610.0
62,0.0,0.0,620.0
63,0.0,0.0,630.0
64,0.0,0.0,640.0
65,0.0,0.0,650.0
66,0.0,0.0,660.0
67,0.0,0.0,670.0
68,0.0,0.0,680.0
69,0.0,0.0,690.0
70,0.0,0.0,700.0
71,0.0,0.0,710.0
72,0.0,0.0,720.0
73,0.0,0.0,730.0
74,0.0,0.0,740.0
75,0.0,0.0,750.0
76,0.0,0.0,760.0
77,0.0,0.0,770.0
78,0.0,0.0,780.0
79,0.0,0.0,790.0
80,0.0,0.0,800.0
81,0.0,0.0,810.0
82,0.0,0.0,820.0
83,0.0,0.0,830.0
84,0.0,0.0,840.0
85,0.0,0.0,850.0
86,0.0,0.0,860.0
87,0.0,0.0,870.0
88,0.0,0.0,880.0
89,0.0,0.0,890.0
90,0.0,0.0,900.0
91,0.0,0.0,910.0
92,0.0,0.0,920.0
93,0.0,0.0,930.0
94,0.0,0.0,940.0
95,0.0,0.0,950.0
96,0.0,0.0,960.0
97,0.0,0.0,970.0
98,0.0,0.0,980.0
99,0.0,0.0,990.0
100,0.0,0.0,1000.0
101,0.0,0.0,1010.0
102,0.0,0.0,1020.0
103,0.0,0.0,1030.0
104,0.0,0.0,1040.0
105,0.0,0.0,1050.0
106,0.0,0.0,1060.0
107,0.0,0.0,1070.0
108,0.0,0.0,1080.0
109,0.0,0.0,1090.0
110,0.0,0.0,1100.0
111,0.0,0.0,1110.0
112,0.0,0.0,1120.0
113,0.0,0.0,1130.0
114,0.0,0.0,1140.0
115,0.0,0.0,1150.0
116,0.0,0.0,1160.0
117,0.0,0.0,1170.0
118,0.0,0.0,1180.0
119,0.0,0.0,1190.0
120,0.0,0.0,1200.0
121,0.0,0.0,1210.0
122,0.0,0.0,1220.0
123,0.0,0.0,1230.0
124,0.0,0.0,1240.0
125,0.0,0.0,1250.0
126,0.0,0.0,1260.0
127,0.0,0.0,1270.0
128,0.0,0.0,1280.0
129,0.0,0.0,1290.0
130,0.0,0.0,1300.0
131,0.0,0.0,1310.0
132,0.0,0.0,1320.0
133,0.0,0.0,1330.0
134,0.0,0.0,1340.0
135,0.0,0.0,1350.0
136,0.0,0.0,1360.0
137,0.0,0.0,1370.0
138,0.0,0.0,1380.0
139,0.0,0.0,1390.0
140,0.0,0.0,1400.0
141,0.0,0.0,1410.0
142,0.0,0.0,1420.0
143,0.0,0.0,1430.0
144,0.0,0.0,1440.0
145,0.0,0.0,1450.0
146,0.0,0.0,1460.0
147,0.0,0.0,1470.0
148,0.0,0.0,1480.0
149,0.0,0.0,1490.0
150,0.0,0.0,1500.0
151,0.0,0.0,1510.0
152,0.0,0.0,1520.0
153,0.0,0.0,1530.0
154,0.0,0.0,1540.0
155,0.0,0.0,1550.0
156,0.0,0.0,1560.0
157,0.0,0.0,1570.0
158,0.0,0.0,1580.0
159,0.0,0.0,1590.0
160,0.0,0.0,1600.0
161,0.0,0.0,1610.0
162,0.0,0.0,1620.0
163,0.0,0.0,1630.0
164,0.0,0.0,1640.0
165,0.0,0.0,1650.0
166,0.0,0.0,1660.0
167,0.0,0.0,1670.0
168,0.0,0.0,1680.0
169,0.0,0.0,1690.0
170,0.0,0.0,1700.0
171,0.0,0.0,1710.0
172,0.0,0.0,1720.0
173,0.0,0.0,1730.0
174,0.0,0.0,1740.0
175,0.0,0.0,1750.0
176,0.0,0.0,1760.0
177,0.0,0.0,1770.0
178,0.0,0.0,1780.0
179,0.0,0.0,1790.0
180,0.0,0.0,1800.0
181,0.0,0.0,1810.0
182,0.0,0.0,1820.0
183,0.0,0.0,1830.0
184,0.0,0.0,1840.0
185,0.0,0.0,1850.0
186,0.0,0.0,1860.0
187,0.0,0.0,1870.0
188,0.0,0.0,1880.0
189,0.0,0.0,1890.0
190,0.0,0.0,1900.0
191,0.0,0.0,1910.0
192,0.0,0.0,1920.0
193,0.0,0.0,1930.0
194,0.0,0.0,1940.0
195,0.0,0.0,1950.0
196,0.0,0.0,1960.0
197,0.0,0.0,1970.0
198,0.0,0.0,1980.0
199,0.0,0.0,1990.0
200,0.0,0.0,2000.0
201,0.0,0.0,2010.0
202,0.0,0.0,2020.0
203,0.0,0.0,2030.0
204,0.0,0.0,2040.0
205,0.0,0.0,2050.0
206,0.0,0.0,2060.0
207,0.0,0.0,2070.0
208,0.0,0.0,2080.0
209,0.0,0.0,2090.0
210,0.0,0.0,2100.0
211,0.0,0.0,2110.0
212,0.0,0.0,2120.0
213,0.0,0.0,2130.0
214,0.0,0.0,2140.0
215,0.0,0.0,2150.0
216,0.0,0.0,2160.0
217,0.0,0.0,2170.0
218,0.0,0.0,2180.0
219,0.0,0.0,2190.0
220,0.0,0.0,2200.0
221,0.0,0.0,2210.0
222,0.0,0.0,2220.0
223,0.0,0.0,2230.0
224,0.0,0.0,2240.0
225,0.0,0.0,2250.0
226,0.0,0.0,2260.0
227,0.0,0.0,2270.0
228,0.0,0.0,2280.0
229,0.0,0.0,2290.0
230,0.0,0.0,2300.0
231,0.0,0.0,2310.0
232,0.0,0.0,2320.0
233,0.0,0.0,2330.0
234,0.0,0.0,2340.0
235,0.0,0.0,2350.0
236,0.0,0.0,2360.0
237,0.0,0.0,2370.0
238,0.0,0.0,2380.0
239,0.0,0.0,2390.0
240,0.0,0.0,2400.0
241,0.0,0.0,2410.0
242,0.0,0.0,2420.0
243,0.0,0.0,2430.0
244,0.0,0.0,2440.0
245,0.0,0.0,2450.0
246,0.0,0.0,2460.0
247,0.0,0.0,2470.0
248,0.0,0.0,2480.0
249,0.0,0.0,2490.0
250,0.0,0.0,2500.0
251,0.0,0.0,2510.0
252,0.0,0.0,2520.0
253,0.0,0.0,2530.0
254,0.0,0.0,2540.0
255,0.0,0.0,2550.0
256,0.0,0.0,2560.0
257,0.0,0.0,2570.0
258,0.0,0.0,2580.0
259,0.0,0.0,2590.0
260,0.0,0.0,2600.0
261,0.0,0.0,2610.0
262,0.0,0.0,2620.0
263,0.0,0.0,2630.0
264,0.0,0.0,2640.0
265,0.0,0.0,2650.0
266,0.0,0.0,2660.0
267,0.0,0.0,2670.0
268,0.0,0.0,2680.0
269,0.0,0.0,2690.0
270,0.0,0.0,2700.0
271,0.0,0.0,2710.0
272,0.0,0.0,2720.0
273,0.0,0.0,2730.0
274,0.0,0.0,2740.0
275,0.0,0.0,2750.0
276,0.0,0.0,2760.0
277,0.0,0.0,2770.0
278,0.0,0.0,2780.0
279,0.0,0.0,2790.0
280,0.0,0.0,2800.0
281,0.0,0.0,2810.0
282,0.0,0.0,2820.0
283,0.0,0.0,2830.0
284,0.0,0.0,2840.0
285,0.0,0.0,2850.0
286,0.0,0.0,2860.0
287,0.0,0.0,2870.0
288,0.0,0.0,2880.0
289,0.0,0.0,2890.0
290,0.0,0.0,2900.0
291,0.0,0.0,2910.0
292,0.0,0.0,2920.0
293,0.0,0.0,2930.0
294,0.0,0.0,2940.0
295,0.0,0.0,2950.0
296,0.0,0.0,2960.0
297,0.0,0.0,2970.0
298,0.0,0.0,2980.0
299,0.0,0.0,2990.0
300,0.0,0.0,3000.0
301,0.0,0.0,3010.0
302,0.0,0.0,3020.0
303,0.0,0.0,3030.0
304,0.0,0.0,3040.0
305,0.0,0.0,3050.0
306,0.0,0.0,3060.0
307,0.0,0.0,3070.0
308,0.0,0.0,3080.0
309,0.0,0.0,3090.0
310,0.0,0.0,3100.0
311,0.0,0.0,3110.0
312,0.0,0.0,3120.0
313,0.0,0.0,3130.0
314,0.0,0.0,3140.0
315,0.0,0.0,3150.0
316,0.0,0.0,3160.0
317,0.0,0.0,3170.0
318,0.0,0.0,3180.0
319,0.0,0.0,3190.0
320,0.0,0.0,3200.0
321,0.0,0.0,3210.0
322,0.0,0.0,3220.0
323,0.0,0.0,3230.0
324,0.0,0.0,3240.0
325,0.0,0.0,3250.0
326,0.0,0.0,3260.0
327,0.0,0.0,3270.0
328,0.0,0.0,3280.0
329,0.0,0.0,3290.0
330,0.0,0.0,3300.0
331,0.0,0.0,3310.0
332,0.0,0.0,3320.0
333,0.0,0.0,3330.0
334,0.0,0.0,3340.0
335,0.0,0.0,3350.0
336,0.0,0.0,3360.0
337,0.0,0.0,3370.0
338,0.0,0.0,3380.0
339,0.0,0.0,3390.0
340,0.0,0.0,3400.0
341,0.0,0.0,3410.0
342,0.0,0.0,3420.0
343,0.0,0.0,3430.0
344,0.0,0.0,3440.0
345,0.0,0.0,3450.0
346,0.0,0.0,3460.0
347,0.0,0.0,3470.0
348,0.0,0.0,3480.0
349,0.0,0.0,3490.0
350,0.0,0.0,3500.0
351,0.0,0.0,3510.0
352,0.0,0.0,3520.0
353,0.0,0.0,3530.0
354,0.0,0.0,3540.0
355,0.0,0.0,3550.0
356,0.0,0.0,3560.0
357,0.0,0.0,3570.0
358,0.0,0.0,3580.0
359,0.0,0.0,3590.0
360,0.0,0.0,3600.0
361,0.0,0.0,3610.0
362,0.0,0.0,3620.0
363,0.0,0.0,3630.0
364,0.0,0.0,3640.0
365,0.0,0.0,3650.0
366,0.0,0.0,3660.0
367,0.0,0.0,3670.0
368,0.0,0.0,3680.0
369,0.0,0.0,3690.0
370,0.0,0.0,3700.0
371,0.0,0.0,3710.0
372,0.0,0.0,3720.0
373,0.0,0.0,3730.0
374,0.0,0.0,3740.0
375,0.0,0.0,3750.0
376,0.0,0.0,3760.0
377,0.0,0.0,3770.0
378,0.0,0.0,3780.0
379,0.0,0.0,3790.0
380,0.0,0.0,3800.0
381,0.0,0.0,3810.0
382,0.0,0.0,3820.0
383,0.0,0.0,3830.0
384,0.0,0.0,3840.0
385,0.0,0.0,3850.0
386,0.0,0.0,3860.0
387,0.0,0.0,3870.0
388,0.0,0.0,3880.0
389,0.0,0.0,3890.0
390,0.0,0.0,3900.0
391,0.0,0.0,3910.0
392,0.0,0.0,3920.0
393,0.0,0.0,3930.0
394,0.0,0.0,3940.0
395,0.0,0.0,3950.0
396,0.0,0.0,3960.0
397,0.0,0.0,3970.0
398,0.0,0.0,3980.0
399,0.0,0.0,3990.0
400,0.0,0.0,4000.0
401,0.0,0.0,4010.0
402,0.0,0.0,4020.0
403,0.0,0.0,4030.0
404,0.0,0.0,4040.0
405,0.0,0.0,4050.0
406,0.0,0.0,4060.0
407,0.0,0.0,4070.0
408,0.0,0.0,4080.0
409,0.0,0.0,4090.0
410,0.0,0.0,4100.0
411,0.0,0.0,4110.0
412,0.0,0.0,4120.0
413,0.0,0.0,4130.0
414,0.0,0.0,4140.0
415,0.0,0.0,4150.0
416,0.0,0.0,4160.0
417,0.0,0.0,4170.0
418,0.0,0.0,4180.0
419,0.0,0.0,4190.0
420,0.0,0.0,4200.0
421,0.0,0.0,4210.0
422,0.0,0.0,4220.0
423,0.0,0.0,4230.0
424,0.0,0.0,4240.0
425,0.0,0.0,4250.0
426,0.0,0.0,4260.0
427,0.0,0.0,4270.0
428,0.0,0.0,4280.0
429,0.0,0.0,4290.0
430,0.0,0.0,4300.0
431,0.0,0.0,4310.0
432,0.0,0.0,4320.0
433,0.0,0.0,4330.0
434,0.0,0.0,4340.0
435,0.0,0.0,4350.0
436,0.0,0.0,4360.0
437,0.0,0.0,4370.0
438,0.0,0.0,4380.0
439,0.0,0.0,4390.0
440,0.0,0.0,4400.0
441,0.0,0.0,4410.0
442,0.0,0.0,4420.0
443,0.0,0.0,4430.0
444,0.0,0.0,4440.0
445,0.0,0.0,4450.0
446,0.0,0.0,4460.0
447,0.0,0.0,4470.0
448,0.0,0.0,4480.0
449,0.0,0.0,4490.0
450,0.0,0.0,4500.0
451,0.0,0.0,4510.0
452,0.0,0.0,4520.0
453,0.0,0.0,4530.0
454,0.0,0.0,4540.0
455,0.0,0.0,4550.0
456,0.0,0.0,4560.0
457,0.0,0.0,4570.0
458,0.0,0.0,4580.0
459,0.0,0.0,4590.0
460,0.0,0.0,4600.0
461,0.0,0.0,4610.0
462,0.0,0.0,4620.0
463,0.0,0.0,4630.0
464,0.0,0.0,4640.0
465,0.0,0.0,4650.0
466,0.0,0.0,4660.0
467,0.0,0.0,4670.0
468,0.0,0.0,4680.0
469,0.0,0.0,4690.0
470,0.0,0.0,4700.0
471,0.0,0.0,4710.0
472,0.0,0.0,4720.0
473,0.0,0.0,4730.0
474,0.0,0.0,4740.0
475,0.0,0.0,4750.0
476,0.0,0.0,4760.0
477,0.0,0.0,4770.0
478,0.0,0.0,4780.0
479,0.0,0.0,4790.0
480,0.0,0.0,4800.0
481,0.0,0.0,4810.0
482,0.0,0.0,4820.0
483,0.0,0.0,4830.0
484,0.0,0.0,4840.0
485,0.0,0.0,4850.0
486,0.0,0.0,4860.0
487,0.0,0.0,4870.0
488,0.0,0.0,4880.0
489,0.0,0.0,4890.0
490,0.0,0.0,4900.0
491,0.0,0.0,4910.0
492,0.0,0.0,4920.0
493,0.0,0.0,4930.0
494,0.0,0.0,4940.0
495,0.0,0.0,4950.0
496,0.0,0.0,4960.0
497,0.0,0.0,4970.0
498,0.0,0.0,4980.0
499,0.0,0.0,4990.0
500,0.0,0.0,5000.0
501,0.0,0.0,5010.0
502,0.0,0.0,5020.0
503,0.0,0.0,5030.0
504,0.0,0.0,5040.0
505,0.0,0.0,5050.0
506,0.0,0.0,5060.0
507,0.0,0.0,5070.0
508,0.0,0.0,5080.0
509,0.0,0.0,5090.0
510,0.0,0.0,5100.0
511,0.0,0.0,5110.0
512,0.0,0.0,5120.0
513,0.0,0.0,5130.0
514,0.0,0.0,5140.0
515,0.0,0.0,5150.0
516,0.0,0.0,5160.0
517,0.0,0.0,5170.0
518,0.0,0.0,5180.0
519,0.0,0.0,5190.0
520,0.0,0.0,5200.0
521,0.0,0.0,5210.0
522,0.0,0.0,5220.0
523,0.0,0.0,5230.0
524,0.0,0.0,5240.0
525,0.0,0.0,5250.0
526,0.0,0.0,5260.0
527,0.0,0.0,5270.0
528,0.0,0.0,5280.0
529,0.0,0.0,5290.0
530,0.0,0.0,5300.0
531,0.0,0.0,5310.0
532,0.0,0.0,5320.0
533,0.0,0.0,5330.0
534,0.0,0.0,5340.0
535,0.0,0.0,5350.0
536,0.0,0.0,5360.0
537,0.0,0.0,5370.0
538,0.0,0.0,5380.0
539,0.0,0.0,5390.0
540,0.0,0.0,5400.0
541,0.0,0.0,5410.0
542,0.0,0.0,5420.0
543,0.0,0.0,5430.0
544,0.0,0.0,5440.0
545,0.0,0.0,5450.0
546,0.0,0.0,5460.0
547,0.0,0.0,5470.0
548,0.0,0.0,5480.0
549,0.0,0.0,5490.0
550,0.0,0.0,5500.0
551,0.0,0.0,5510.0
552,0.0,0.0,5520.0
553,0.0,0.0,5530.0
554,0.0,0.0,5540.0
555,0.0,0.0,5550.0
556,0.0,0.0,5560.0
557,0.0,0.0,5570.0
558,0.0,0.0,5580.0
559,0.0,0.0,5590.0
560,0.0,0.0,5600.0
561,0.0,0.0,5610.0
562,0.0,0.0,5620.0
563,0.0,0.0,5630.0
564,0.0,0.0,5640.0
565,0.0,0.0,5650.0
566,0.0,0.0,5660.0
567,0.0,0.0,5670.0
568,0.0,0.0,5680.0
569,0.0,0.0,5690.0
570,0.0,0.0,5700.0
571,0.0,0.0,5710.0
572,0.0,0.0,5720.0
573,0.0,0.0,5730.0
574,0.0,0.0,5740.0
575,0.0,0.0,5750.0
576,0.0,0.0,5760.0
577,0.0,0.0,5770.0
578,0.0,0.0,5780.0
579,0.0,0.0,5790.0
580,0.0,0.0,5800.0
581,0.0,0.0,5810.0
582,0.0,0.0,5820.0
583,0.0,0.0,5830.0
584,0.0,0.0,5840.0
585,0.0,0.0,5850.0
586,0.0,0.0,5860.0
587,0.0,0.0,5870.0
588,0.0,0.0,5880.0
589,0.0,0.0,5890.0
590,0.0,0.0,5900.0
591,0.0,0.0,5910.0
592,0.0,0.0,5920.0
593,0.0,0.0,5930.0
594,0.0,0.0,5940.0
595,0.0,0.0,5950.0
596,0.0,0.0,5960.0
597,0.0143,1.428,5970.0
598,0.0214,0.714,5980.0
599,0.0214,0.0,5990.0
600,0.0214,0.0,6000.0
601,0.0214,0.0,6010.0
602,0.0214,0.0,6020.0
603,0.0214,0.0,6030.0
604,0.0214,0.0,6040.0
605,0.0214,0.0,6050.0
606,0.0214,0.0,6060.0
607,0.0214,0.0,6070.0
608,0.0214,0.0,6080.0
609,0.0214,0.0,6090.0
610,0.0214,0.0,6100.0
611,0.0214,0.0,6110.0
612,0.0214,0.0,6120.0
613,0.0214,0.0,6130.0
614,0.0214,0.0,6140.0
615,0.0214,0.0,6150.0
616,0.0214,0.0,6160.0
617,0.0214,0.0,6170.0
618,0.0214,0.0,6180.0
619,0.0214,0.0,6190.0
620,0.0214,0.0,6200.0
621,0.0214,0.0,6210.0
622,0.0214,0.0,6220.0
623,0.0214,0.0,6230.0
624,0.0214,0.0,6240.0
625,0.0214,0.0,6250.0
626,0.0214,0.0,6260.0
627,0.0214,0.0,6270.0
628,0.0214,0.0,6280.0
629,0.0214,0.0,6290.0
630,0.0214,0.0,6300.0
631,0.0214,0.0,6310.0
632,0.0214,0.0,6320.0
633,0.0357,1.428,6330.0
634,0.0428,0.714,6340.0
635,0.0571,1.428,6350.0
636,0.0714,1.428,6360.0
637,0.0857,1.428,6370.0
638,0.0928,0.714,6380.0
639,0.1,0.714,6390.0
640,0.1214,2.142,6400.0
641,0.1285,0.714,6410.0
642,0.1428,1.428,6420.0
643,0.1571,1.428,6430.0
644,0.1714,1.428,6440.0
645,0.1785,0.714,6450.0
646,0.1856,0.714,6460.0
647,0.1999,1.428,6470.0
648,0.2071,0.714,6480.0
649,0.2142,0.714,6490.0
650,0.2213,0.714,6500.0
651,0.2285,0.714,6510.0
652,0.2356,0.714,6520.0
653,0.2428,0.714,6530.0
654,0.257,1.428,6540.0
655,0.2642,0.714,6550.0
656,0.2785,1.428,6560.0
657,0.2856,0.714,6570.0
658,0.2927,0.714,6580.0
659,0.307,1.428,6590.0
660,0.3213,1.428,6600.0
661,0.3213,0.0,6610.0
662,0.3356,1.428,6620.0
663,0.3427,0.714,6630.0
664,0.357,1.428,6640.0
665,0.3713,1.428,6650.0
666,0.3856,1.428,6660.0
667,0.3998,1.428,6670.0
668,0.4141,1.428,6680.0
669,0.4284,1.428,6690.0
670,0.4427,1.428,6700.0
671,0.4498,0.714,6710.0
672,0.4712,2.142,6720.0
673,0.4784,0.714,6730.0
674,0.4927,1.428,6740.0
675,0.5069,1.428,6750.0
676,0.5212,1.428,6760.0
677,0.5284,0.714,6770.0
678,0.5426,1.428,6780.0
679,0.5569,1.428,6790.0
680,0.5712,1.428,6800.0
681,0.5855,1.428,6810.0
682,0.5926,0.714,6820.0
683,0.614,2.142,6830.0
684,0.6212,0.714,6840.0
685,0.6355,1.428,6850.0
686,0.6569,2.142,6860.0
687,0.6712,1.428,6870.0
688,0.6854,1.428,6880.0
689,0.6997,1.428,6890.0
690,0.7283,2.856,6900.0
691,0.7426,1.428,6910.0
692,0.7568,1.428,6920.0
693,0.7783,2.142,6930.0
694,0.7925,1.428,6940.0
695,0.814,2.142,6950.0
696,0.8282,1.428,6960.0
697,0.8425,1.428,6970.0
698,0.8568,1.428,6980.0
699,0.8711,1.428,6990.0
700,0.8854,1.428,7000.0
701,0.8996,1.428,7010.0
702,0.9211,2.142,7020.0
703,0.9282,0.714,7030.0
704,0.9496,2.142,7040.0
705,0.971,2.142,7050.0
706,0.9853,1.428,7060.0
707,1.0067,2.142,7070.0
708,1.021,1.428,7080.0
709,1.0353,1.428,7090.0
710,1.0639,2.856,7100.0
711,1.0781,1.428,7110.0
712,1.0924,1.428,7120.0
713,1.121,2.856,7130.0
714,1.1353,1.428,7140.0
715,1.1495,1.428,7150.0
716,1.171,2.142,7160.0
717,1.1852,1.428,7170.0
718,1.2067,2.142,7180.0
719,1.2209,1.428,7190.0
720,1.2352,1.428,7200.0
721,1.2566,2.142,7210.0
722,1.2781,2.142,7220.0
723,1.2923,1.428,7230.0
724,1.3209,2.856,7240.0
725,1.3423,2.142,7250.0
726,1.3637,2.142,7260.0
727,1.378,1.428,7270.0
728,1.4066,2.856,7280.0
729,1.4209,1.428,7290.0
730,1.4423,2.142,7300.0
731,1.4637,2.142,7310.0
732,1.478,1.428,7320.0
733,1.4994,2.142,7330.0
734,1.5208,2.142,7340.0
735,1.5351,1.428,7350.0
736,1.5565,2.142,7360.0
737,1.5779,2.142,7370.0
738,1.5994,2.142,7380.0
739,1.6208,2.142,7390.0
740,1.6422,2.142,7400.0
741,1.6636,2.142,7410.0
742,1.6922,2.856,7420.0
743,1.7136,2.142,7430.0
744,1.735,2.142,7440.0
745,1.7493,1.428,7450.0
746,1.7779,2.856,7460.0
747,1.7921,1.428,7470.0
748,1.8207,2.856,7480.0
749,1.835,1.428,7490.0
750,1.8635,2.856,7500.0
751,1.8778,1.428,7510.0
752,1.8992,2.142,7520.0
753,1.9207,2.142,7530.0
754,1.9492,2.856,7540.0
755,1.9778,2.856,7550.0
756,1.9992,2.142,7560.0
757,2.0206,2.142,7570.0
758,2.0492,2.856,7580.0
759,2.0635,1.428,7590.0
760,2.092,2.856,7600.0
761,2.1134,2.142,7610.0
762,2.1277,1.428,7620.0
763,2.1563,2.856,7630.0
764,2.1706,1.428,7640.0
765,2.1991,2.856,7650.0
766,2.2277,2.856,7660.0
767,2.2491,2.142,7670.0
768,2.2705,2.142,7680.0
769,2.2991,2.142,7690.0
770,2.3276,2.856,7700.0
771,2.3562,2.142,7710.0
772,2.3705,1.428,7720.0
773,2.399,2.142,7730.0
774,2.4276,2.856,7740.0
775,2.449,2.142,7750.0
776,2.4704,2.142,7760.0
777,2.499,2.856,7770.0
778,2.5347,3.57,7780.0
779,2.5561,2.142,7790.0
780,2.5847,2.856,7800.0
781,2.6061,2.142,7810.0
782,2.6347,2.856,7820.0
783,2.6632,2.856,7830.0
784,2.6918,2.856,7840.0
785,2.7203,2.856,7850.0
786,2.7489,2.856,7860.0
787,2.7703,2.142,7870.0
788,2.7917,2.142,7880.0
789,2.8203,2.856,7890.0
790,2.8489,2.856,7900.0
791,2.8774,2.856,7910.0
792,2.906,2.856,7920.0
793,2.9345,2.856,7930.0
794,2.9631,2.856,7940.0
795,2.9845,2.142,7950.0
796,3.0131,2.856,7960.0
797,3.0345,2.142,7970.0
798,3.0631,2.856,7980.0
799,3.0916,2.856,7990.0
800,3.1202,2.856,8000.0
801,3.1487,2.856,8010.0
802,3.1773,2.856,8020.0
803,3.2059,2.856,8030.0
804,3.2344,2.856,8040.0
805,3.263,2.856,8050.0
806,3.2915,2.856,8060.0
807,3.3201,2.856,8070.0
808,3.3487,2.856,8080.0
809,3.3772,2.856,8090.0
810,3.4058,2.856,8100.0
811,3.4343,2.856,8110.0
812,3.4629,2.856,8120.0
813,3.4915,2.856,8130.0
814,3.52,2.856,8140.0
815,3.5557,3.57,8150.0
816,3.5914,3.57,8160.0
817,3.62,2.856,8170.0
818,3.6485,2.856,8180.0
819,3.6771,2.856,8190.0
820,3.7057,2.856,8200.0
821,3.7342,2.856,8210.0
822,3.7628,2.856,8220.0
823,3.7985,3.57,8230.0
824,3.827,2.856,8240.0
825,3.8627,3.57,8250.0
826,3.8913,2.856,8260.0
827,3.9199,2.856,8270.0
828,3.9484,2.856,8280.0
829,3.9841,2.856,8290.0
830,4.0198,3.57,8300.0
831,4.0484,2.856,8310.0
832,4.0769,2.856,8320.0
833,4.1055,2.856,8330.0
834,4.1412,3.57,8340.0
835,4.1769,3.57,8350.0
836,4.2055,2.856,8360.0
837,4.234,2.856,8370.0
838,4.2697,3.57,8380.0
839,4.3054,3.57,8390.0
840,4.334,2.856,8400.0
841,4.3625,2.856,8410.0
842,4.3982,2.856,8420.0
843,4.4339,3.57,8430.0
844,4.4625,2.856,8440.0
845,4.4982,3.57,8450.0
846,4.5339,3.57,8460.0
847,4.5624,2.856,8470.0
848,4.6053,3.57,8480.0
849,4.6338,2.856,8490.0
850,4.6624,2.856,8500.0
851,4.6981,3.57,8510.0
852,4.7338,3.57,8520.0
853,4.7624,2.856,8530.0
854,4.8052,4.284,8540.0
855,4.8338,2.856,8550.0
856,4.8695,3.57,8560.0
857,4.9052,3.57,8570.0
858,4.9409,3.57,8580.0
859,4.9766,3.57,8590.0
860,5.0051,2.856,8600.0
861,5.0408,3.57,8610.0
862,5.0765,3.57,8620.0
863,5.1194,4.284,8630.0
864,5.1479,2.856,8640.0
865,5.1908,4.284,8650.0
866,5.2193,2.856,8660.0
867,5.2622,4.284,8670.0
868,5.2907,2.856,8680.0
869,5.3264,3.57,8690.0
870,5.3621,3.57,8700.0
871,5.3978,3.57,8710.0
872,5.4335,2.856,8720.0
873,5.4764,4.284,8730.0
874,5.5121,3.57,8740.0
875,5.5478,3.57,8750.0
876,5.5763,2.856,8760.0
877,5.6192,4.284,8770.0
878,5.6549,3.57,8780.0
879,5.6906,3.57,8790.0
880,5.7263,3.57,8800.0
881,5.7691,4.284,8810.0
882,5.8048,3.57,8820.0
883,5.8405,3.57,8830.0
884,5.8762,3.57,8840.0
885,5.919,4.284,8850.0
886,5.9476,2.856,8860.0
887,5.9904,4.284,8870.0
888,6.0333,4.284,8880.0
889,6.0618,2.856,8890.0
890,6.1047,4.284,8900.0
891,6.1475,4.284,8910.0
892,6.1832,3.57,8920.0
893,6.2189,3.57,8930.0
894,6.2618,4.284,8940.0
895,6.2975,3.57,8950.0
896,6.3332,3.57,8960.0
897,6.376,4.284,8970.0
898,6.4188,4.284,8980.0
899,6.4617,4.284,8990.0
900,6.4902,2.856,9000.0
901,6.5331,4.284,9010.0
902,6.5759,4.284,9020.0
903,6.6116,3.57,9030.0
904,6.6545,4.284,9040.0
905,6.6902,3.57,9050.0
906,6.733,4.284,9060.0
907,6.7758,4.284,9070.0
908,6.8115,3.57,9080.0
909,6.8544,4.284,9090.0
910,6.8901,3.57,9100.0
911,6.9329,4.284,9110.0
912,6.9758,4.284,9120.0
913,7.0186,4.284,9130.0
914,7.0614,4.284,9140.0
915,7.0971,3.57,9150.0
916,7.14,4.284,9160.0
917,7.1757,3.57,9170.0
918,7.2185,4.284,9180.0
919,7.2614,4.284,9190.0
920,7.3042,4.284,9200.0
921,7.347,4.284,9210.0
922,7.3899,4.284,9220.0
923,7.4327,4.284,9230.0
924,7.4756,4.284,9240.0
925,7.5184,4.284,9250.0
926,7.5541,3.57,9260.0
927,7.5969,4.284,9270.0
928,7.6398,4.284,9280.0
929,7.6898,4.998,9290.0
930,7.7255,3.57,9300.0
931,7.7754,4.998,9310.0
932,7.8111,3.57,9320.0
933,7.854,4.284,9330.0
934,7.8968,4.284,9340.0
935,7.9468,4.998,9350.0
936,7.9896,4.284,9360.0
937,8.0325,4.284,9370.0
938,8.0753,4.284,9380.0
939,8.1182,4.284,9390.0
940,8.161,4.284,9400.0
941,8.2038,4.284,9410.0
942,8.2467,4.284,9420.0
943,8.2895,4.284,9430.0
944,8.3395,4.998,9440.0
945,8.3752,3.57,9450.0
946,8.4252,4.998,9460.0
947,8.468,4.284,9470.0
948,8.518,4.998,9480.0
949,8.5608,4.284,9490.0
950,8.6037,4.284,9500.0
951,8.6465,4.284,9510.0
952,8.6894,4.284,9520.0
953,8.7393,4.998,9530.0
954,8.7822,4.284,9540.0
955,8.8322,4.284,9550.0
956,8.875,4.284,9560.0
957,8.9178,4.284,9570.0
958,8.975,5.712,9580.0
959,9.0178,4.284,9590.0
960,9.0606,4.284,9600.0
961,9.1035,4.284,9610.0
962,9.1463,4.284,9620.0
963,9.2034,5.712,9630.0
964,9.2463,4.284,9640.0
965,9.2891,4.284,9650.0
966,9.3391,4.998,9660.0
967,9.3891,4.998,9670.0
968,9.4319,4.284,9680.0
969,9.4748,4.284,9690.0
970,9.5247,4.284,9700.0
971,9.5747,4.998,9710.0
972,9.6247,4.998,9720.0
973,9.6675,4.284,9730.0
974,9.7175,4.998,9740.0
975,9.7604,4.284,9750.0
976,9.8103,4.998,9760.0
977,9.8603,4.998,9770.0
978,9.9103,4.998,9780.0
979,9.9603,4.998,9790.0
980,10.0031,4.284,9800.0
981,10.0531,4.998,9810.0
982,10.1031,4.998,9820.0
983,10.1459,4.284,9830.0
984,10.203,5.712,9840.0
985,10.2459,4.284,9850.0
986,10.2959,4.998,9860.0
987,10.3458,4.998,9870.0
988,10.3958,4.998,9880.0
989,10.4458,4.998,9890.0
990,10.4958,4.998,9900.0
991,10.5458,4.998,9910.0
992,10.5957,4.998,9920.0
993,10.6457,4.998,9930.0
994,10.6886,4.284,9940.0
995,10.7457,5.712,9950.0
996,10.7957,4.998,9960.0
997,10.8456,4.998,9970.0
998,10.8956,4.998,9980.0
999,10.9456,4.998,9990.0
1000,10.9956,4.998,10000.0
1001,11.0456,4.998,10010.0
1002,11.0955,4.998,10020.0
1003,11.1455,4.998,10030.0
1004,11.2026,5.712,10040.0
1005,11.2526,4.998,10050.0
1006,11.3026,4.998,10060.0
1007,11.3526,4.998,10070.0
1008,11.4026,4.998,10080.0
1009,11.4597,5.712,10090.0
1010,11.5097,4.998,10100.0
1011,11.5596,4.998,10110.0
1012,11.6168,5.712,10120.0
1013,11.6596,4.284,10130.0
1014,11.7167,5.712,10140.0
1015,11.7738,5.712,10150.0
1016,11.8238,4.998,10160.0
1017,11.8738,4.998,10170.0
1018,11.9309,5.712,10180.0
1019,11.9809,4.998,10190.0
1020,12.0309,4.998,10200.0
1021,12.088,5.712,10210.0
1022,12.1451,5.712,10220.0
1023,12.1951,4.998,10230.0
1024,12.2451,4.998,10240.0
1025,12.3022,5.712,10250.0
1026,12.3522,4.998,10260.0
1027,12.4093,4.998,10270.0
1028,12.4593,4.998,10280.0
1029,12.5164,5.712,10290.0
1030,12.5735,5.712,10300.0
1031,12.6235,4.998,10310.0
1032,12.6806,4.998,10320.0
1033,12.7377,5.712,10330.0
1034,12.7877,4.998,10340.0
1035,12.8448,5.712,10350.0
1036,12.9019,5.712,10360.0
1037,12.9519,4.998,10370.0
1038,13.009,5.712,10380.0
1039,13.059,4.998,10390.0
1040,13.1161,5.712,10400.0
1041,13.1733,5.712,10410.0
1042,13.2304,5.712,10420.0
1043,13.2875,5.712,10430.0
1044,13.3446,5.712,10440.0
1045,13.4017,5.712,10450.0
1046,13.4517,4.998,10460.0
1047,13.5088,4.998,10470.0
1048,13.566,5.712,10480.0
1049,13.6231,5.712,10490.0
1050,13.6802,5.712,10500.0
1051,13.7373,5.712,10510.0
1052,13.7873,4.998,10520.0
1053,13.8444,4.998,10530.0
1054,13.9015,5.712,10540.0
1055,13.9587,5.712,10550.0
1056,14.0158,4.998,10560.0
1057,14.0729,4.998,10570.0
1058,14.13,4.998,10580.0
1059,14.1871,5.712,10590.0
1060,14.2514,5.712,10600.0
1061,14.3085,5.712,10610.0
1062,14.3656,5.712,10620.0
1063,14.4228,5.712,10630.0
1064,14.4799,5.712,10640.0
1065,14.537,5.712,10650.0
1066,14.6013,5.712,10660.0
1067,14.6584,5.712,10670.0
1068,14.7155,5.712,10680.0
1069,14.7726,5.712,10690.0
1070,14.8297,5.712,10700.0
1071,14.8869,5.712,10710.0
1072,14.944,5.712,10720.0
1073,15.0011,5.712,10730.0
1074,15.0654,5.712,10740.0
1075,15.1296,5.712,10750.0
1076,15.1867,5.712,10760.0
1077,15.2439,5.712,10770.0
1078,15.301,5.712,10780.0
1079,15.3652,5.712,10790.0
1080,15.4224,5.712,10800.0
1081,15.4866,5.712,10810.0
1082,15.5437,5.712,10820.0
1083,15.6009,5.712,10830.0
1084,15.6651,6.426,10840.0
1085,15.7222,5.712,10850.0
1086,15.7865,5.712,10860.0
1087,15.8436,5.712,10870.0
1088,15.9079,6.426,10880.0
1089,15.9721,6.426,10890.0
1090,16.0293,5.712,10900.0
1091,16.0864,5.712,10910.0
1092,16.1506,6.426,10920.0
1093,16.2149,6.426,10930.0
1094,16.272,5.712,10940.0
1095,16.3363,6.426,10950.0
1096,16.4005,6.426,10960.0
1097,16.4577,5.712,10970.0
1098,16.5148,5.712,10980.0
1099,16.5862,6.426,10990.0
1100,16.6433,5.712,11000.0
1101,16.7076,6.426,11010.0
1102,16.7718,6.426,11020.0
1103,16.8289,5.712,11030.0
1104,16.8932,6.426,11040.0
1105,16.9575,6.426,11050.0
1106,17.0217,6.426,11060.0
1107,17.086,6.426,11070.0
1108,17.1431,5.712,11080.0
1109,17.2074,6.426,11090.0
1110,17.2716,6.426,11100.0
1111,17.3359,6.426,11110.0
1112,17.4001,6.426,11120.0
1113,17.4573,5.712,11130.0
1114,17.5287,7.14,11140.0
1115,17.5858,5.712,11150.0
1116,17.6572,6.426,11160.0
1117,17.7143,5.712,11170.0
1118,17.7857,7.14,11180.0
1119,17.85,6.426,11190.0
1120,17.9142,6.426,11200.0
1121,17.9713,5.712,11210.0
1122,18.0427,7.14,11220.0
1123,18.107,6.426,11230.0
1124,18.1713,6.426,11240.0
1125,18.2355,6.426,11250.0
1126,18.2998,6.426,11260.0
1127,18.3712,7.14,11270.0
1128,18.4283,5.712,11280.0
1129,18.4997,7.14,11290.0
1130,18.564,6.426,11300.0
1131,18.6282,6.426,11310.0
1132,18.6996,7.14,11320.0
1133,18.7639,6.426,11330.0
1134,18.8281,6.426,11340.0
1135,18.8924,6.426,11350.0
1136,18.9567,6.426,11360.0
1137,19.0281,6.426,11370.0
1138,19.0923,6.426,11380.0
1139,19.1566,6.426,11390.0
1140,19.228,6.426,11400.0
1141,19.2922,6.426,11410.0
1142,19.3636,6.426,11420.0
1143,19.4279,6.426,11430.0
1144,19.4993,7.14,11440.0
1145,19.5636,6.426,11450.0
1146,19.6278,6.426,11460.0
1147,19.6992,7.14,11470.0
1148,19.7706,7.14,11480.0
1149,19.8277,5.712,11490.0
1150,19.8991,7.14,11500.0
1151,19.9705,7.14,11510.0
1152,20.0419,7.14,11520.0
1153,20.1062,6.426,11530.0
1154,20.1705,6.426,11540.0
1155,20.2419,7.14,11550.0
1156,20.3133,7.14,11560.0
1157,20.3847,7.14,11570.0
1158,20.4489,6.426,11580.0
1159,20.5132,6.426,11590.0
1160,20.5846,7.14,11600.0
1161,20.656,6.426,11610.0
1162,20.7274,7.14,11620.0
1163,20.7988,7.14,11630.0
1164,20.863,6.426,11640.0
1165,20.9344,6.426,11650.0
1166,20.9987,5.712,11660.0
1167,21.0701,7.14,11670.0
1168,21.1415,6.426,11680.0
1169,21.2129,7.14,11690.0
1170,21.2843,7.14,11700.0
1171,21.3557,7.14,11710.0
1172,21.4271,7.14,11720.0
1173,21.4985,7.14,11730.0
1174,21.5699,7.14,11740.0
1175,21.6413,7.14,11750.0
1176,21.7127,7.14,11760.0
1177,21.7769,6.426,11770.0
1178,21.8555,7.14,11780.0
1179,21.9197,6.426,11790.0
1180,21.9911,6.426,11800.0
1181,22.0625,6.426,11810.0
1182,22.1411,7.854,11820.0
1183,22.2053,6.426,11830.0
1184,22.2839,7.14,11840.0
1185,22.3481,6.426,11850.0
1186,22.4267,7.14,11860.0
1187,22.4981,7.14,11870.0
1188,22.5695,7.14,11880.0
1189,22.6409,7.14,11890.0
1190,22.7123,7.14,11900.0
1191,22.7837,7.14,11910.0
1192,22.8551,7.14,11920.0
1193,22.9265,7.14,11930.0
1194,22.9979,6.426,11940.0
1195,23.0764,7.854,11950.0
1196,23.1478,6.426,11960.0
1197,23.2264,7.14,11970.0
1198,23.2978,7.14,11980.0
1199,23.3692,7.14,11990.0
1200,23.4406,7.14,12000.0
1201,23.512,7.14,12010.0
1202,23.5905,7.854,12020.0
1203,23.669,7.854,12030.0
1204,23.7404,7.14,12040.0
1205,23.8118,7.14,12050.0
1206,23.8832,7.14,12060.0
1207,23.9618,7.854,12070.0
1208,24.0403,7.14,12080.0
1209,24.1117,7.14,12090.0
1210,24.1831,7.14,12100.0
1211,24.2617,7.14,12110.0
1212,24.3402,7.854,12120.0
1213,24.4116,7.14,12130.0
1214,24.483,7.14,12140.0
1215,24.5615,7.854,12150.0
1216,24.6401,7.14,12160.0
1217,24.7115,7.14,12170.0
1218,24.79,7.854,12180.0
1219,24.8686,7.854,12190.0
1220,24.94,7.14,12200.0
1221,25.0185,7.854,12210.0
1222,25.097,7.854,12220.0
1223,25.1684,7.14,12230.0
1224,25.247,7.854,12240.0
1225,25.3255,7.854,12250.0
1226,25.3969,7.14,12260.0
1227,25.4826,8.568,12270.0
1228,25.554,7.14,12280.0
1229,25.6325,7.854,12290.0
1230,25.7111,7.854,12300.0
1231,25.7825,7.14,12310.0
1232,25.8682,7.854,12320.0
1233,25.9396,7.14,12330.0
1234,26.0181,7.854,12340.0
1235,26.0966,7.14,12350.0
1236,26.168,7.14,12360.0
1237,26.2537,7.854,12370.0
1238,26.3323,7.854,12380.0
1239,26.4108,7.854,12390.0
1240,26.4822,7.14,12400.0
1241,26.5679,8.568,12410.0
1242,26.6464,7.854,12420.0
1243,26.725,7.854,12430.0
1244,26.7964,7.14,12440.0
1245,26.882,7.854,12450.0
1246,26.9606,7.854,12460.0
1247,27.0391,7.854,12470.0
1248,27.1177,7.854,12480.0
1249,27.1962,7.854,12490.0
1250,27.2819,8.568,12500.0
1251,27.3533,7.14,12510.0
1252,27.439,7.854,12520.0
1253,27.5175,7.854,12530.0
1254,27.596,7.854,12540.0
1255,27.6817,8.568,12550.0
1256,27.7531,7.14,12560.0
1257,27.8388,7.854,12570.0
1258,27.9173,7.854,12580.0
1259,27.9959,7.854,12590.0
1260,28.0816,8.568,12600.0
1261,28.1601,7.854,12610.0
1262,28.2386,7.854,12620.0
1263,28.3243,8.568,12630.0
1264,28.4029,7.854,12640.0
1265,28.4814,7.854,12650.0
1266,28.5671,8.568,12660.0
1267,28.6456,7.854,12670.0
1268,28.7242,7.14,12680.0
1269,28.8098,7.854,12690.0
1270,28.8955,8.568,12700.0
1271,28.9669,7.14,12710.0
1272,29.0526,7.854,12720.0
1273,29.1383,8.568,12730.0
1274,29.224,8.568,12740.0
1275,29.3025,7.854,12750.0
1276,29.3882,8.568,12760.0
1277,29.4667,7.854,12770.0
1278,29.5524,8.568,12780.0
1279,29.6309,7.854,12790.0
1280,29.7166,7.854,12800.0
1281,29.7951,7.854,12810.0
1282,29.8808,8.568,12820.0
1283,29.9665,8.568,12830.0
1284,30.0522,8.568,12840.0
1285,30.1379,8.568,12850.0
1286,30.2164,7.854,12860.0
1287,30.3021,8.568,12870.0
1288,30.3878,8.568,12880.0
1289,30.4663,7.854,12890.0
1290,30.552,8.568,12900.0
1291,30.6377,8.568,12910.0
1292,30.7233,8.568,12920.0
1293,30.809,8.568,12930.0
1294,30.8947,8.568,12940.0
1295,30.9804,8.568,12950.0
1296,31.0589,7.854,12960.0
1297,31.1446,7.854,12970.0
1298,31.2303,8.568,12980.0
1299,31.316,8.568,12990.0
1300,31.4016,8.568,13000.0
1301,31.4873,8.568,13010.0
1302,31.573,8.568,13020.0
1303,31.6587,8.568,13030.0
1304,31.7444,8.568,13040.0
1305,31.83,8.568,13050.0
1306,31.9157,8.568,13060.0
1307,32.0014,8.568,13070.0
1308,32.0871,8.568,13080.0
1309,32.1728,8.568,13090.0
1310,32.2656,8.568,13100.0
1311,32.3513,8.568,13110.0
1312,32.4369,8.568,13120.0
1313,32.5226,8.568,13130.0
1314,32.6083,8.568,13140.0
1315,32.694,8.568,13150.0
1316,32.7797,8.568,13160.0
1317,32.8725,9.282,13170.0
1318,32.9582,8.568,13180.0
1319,33.0438,8.568,13190.0
1320,33.1367,8.568,13200.0
1321,33.2223,8.568,13210.0
1322,33.308,8.568,13220.0
1323,33.3937,8.568,13230.0
1324,33.4794,8.568,13240.0
1325,33.5722,8.568,13250.0
1326,33.665,9.282,13260.0
1327,33.7507,8.568,13270.0
1328,33.8364,8.568,13280.0
1329,33.9292,9.282,13290.0
1330,34.0149,8.568,13300.0
1331,34.1077,8.568,13310.0
1332,34.1934,8.568,13320.0
1333,34.2791,8.568,13330.0
1334,34.3719,9.282,13340.0
1335,34.4647,9.282,13350.0
1336,34.5504,8.568,13360.0
1337,34.6432,9.282,13370.0
1338,34.736,9.282,13380.0
1339,34.8217,8.568,13390.0
1340,34.9074,8.568,13400.0
1341,35.0002,9.282,13410.0
1342,35.093,9.282,13420.0
1343,35.1787,8.568,13430.0
1344,35.2715,9.282,13440.0
1345,35.3643,9.282,13450.0
1346,35.45,8.568,13460.0
1347,35.5428,9.282,13470.0
1348,35.6357,9.282,13480.0
1349,35.7285,9.282,13490.0
1350,35.8213,9.282,13500.0
1351,35.907,8.568,13510.0
1352,35.9998,9.282,13520.0
1353,36.0926,9.282,13530.0
1354,36.1783,8.568,13540.0
1355,36.2783,9.282,13550.0
1356,36.3639,8.568,13560.0
1357,36.4568,9.282,13570.0
1358,36.5496,9.282,13580.0
1359,36.6424,9.282,13590.0
1360,36.7352,9.282,13600.0
1361,36.8209,8.568,13610.0
1362,36.9209,9.996,13620.0
1363,37.0137,9.282,13630.0
1364,37.1065,9.282,13640.0
1365,37.1922,8.568,13650.0
1366,37.2921,9.996,13660.0
1367,37.385,9.282,13670.0
1368,37.4778,9.282,13680.0
1369,37.5634,8.568,13690.0
1370,37.6634,9.282,13700.0
1371,37.7562,9.282,13710.0
1372,37.8491,9.282,13720.0
1373,37.9419,9.282,13730.0
1374,38.0347,8.568,13740.0
1375,38.1347,9.282,13750.0
1376,38.2203,8.568,13760.0
1377,38.3203,9.282,13770.0
1378,38.4202,9.996,13780.0
1379,38.5059,8.568,13790.0
1380,38.6059,9.996,13800.0
1381,38.6987,9.282,13810.0
1382,38.7915,9.282,13820.0
1383,38.8915,9.996,13830.0
1384,38.9843,9.282,13840.0
1385,39.0771,9.282,13850.0
1386,39.1771,9.996,13860.0
1387,39.2699,9.282,13870.0
1388,39.3627,9.282,13880.0
1389,39.4627,9.996,13890.0
1390,39.5555,9.282,13900.0
1391,39.6483,8.568,13910.0
1392,39.7483,9.996,13920.0
1393,39.8482,9.996,13930.0
1394,39.9339,8.568,13940.0
1395,40.0339,9.282,13950.0
1396,40.1338,9.996,13960.0
1397,40.2267,9.282,13970.0
1398,40.3266,9.282,13980.0
1399,40.4194,9.282,13990.0
1400,40.5194,9.996,14000.0
1401,40.6194,9.996,14010.0
1402,40.7122,9.282,14020.0
1403,40.8121,9.282,14030.0
1404,40.905,9.282,14040.0
1405,41.0049,9.996,14050.0
1406,41.1049,9.996,14060.0
1407,41.2048,9.996,14070.0
1408,41.3048,9.996,14080.0
1409,41.3976,8.568,14090.0
1410,41.4904,9.282,14100.0
1411,41.5904,9.282,14110.0
1412,41.6904,9.996,14120.0
1413,41.7903,9.996,14130.0
1414,41.8903,9.996,14140.0
1415,41.9902,9.996,14150.0
1416,42.0831,9.282,14160.0
1417,42.183,9.282,14170.0
1418,42.283,9.282,14180.0
1419,42.3829,9.996,14190.0
1420,42.4758,9.282,14200.0
1421,42.5829,9.996,14210.0
1422,42.6757,9.282,14220.0
1423,42.7756,9.996,14230.0
1424,42.8756,9.282,14240.0
1425,42.9756,9.996,14250.0
1426,43.0755,9.282,14260.0
1427,43.1755,9.996,14270.0
1428,43.2754,9.282,14280.0
1429,43.3754,9.996,14290.0
1430,43.4754,9.282,14300.0
1431,43.5825,10.71,14310.0
1432,43.6753,9.282,14320.0
1433,43.7824,9.996,14330.0
1434,43.8823,9.996,14340.0
1435,43.9823,9.996,14350.0
1436,44.0823,9.282,14360.0
1437,44.1894,9.996,14370.0
1438,44.2893,9.996,14380.0
1439,44.3893,9.996,14390.0
1440,44.4892,9.996,14400.0
1441,44.5892,9.996,14410.0
1442,44.6892,9.996,14420.0
1443,44.7891,9.282,14430.0
1444,44.8962,9.996,14440.0
1445,44.9962,9.282,14450.0
1446,45.1033,9.996,14460.0
1447,45.2032,9.996,14470.0
1448,45.3032,9.996,14480.0
1449,45.4103,10.71,14490.0
1450,45.5103,9.996,14500.0
1451,45.6174,10.71,14510.0
1452,45.7173,9.996,14520.0
1453,45.8173,9.996,14530.0
1454,45.9244,10.71,14540.0
1455,46.0243,9.996,14550.0
1456,46.1314,10.71,14560.0
1457,46.2314,9.996,14570.0
1458,46.3314,9.996,14580.0
1459,46.4384,10.71,14590.0
1460,46.5456,9.996,14600.0
1461,46.6455,9.996,14610.0
1462,46.7526,10.71,14620.0
1463,46.8597,10.71,14630.0
1464,46.9597,9.996,14640.0
1465,47.0668,10.71,14650.0
1466,47.1667,9.996,14660.0
1467,47.2738,9.996,14670.0
1468,47.3809,10.71,14680.0
1469,47.488,9.996,14690.0
1470,47.588,9.996,14700.0
1471,47.6951,10.71,14710.0
1472,47.8022,10.71,14720.0
1473,47.9021,9.996,14730.0
1474,48.0092,10.71,14740.0
1475,48.1163,9.996,14750.0
1476,48.2163,9.996,14760.0
1477,48.3305,11.424,14770.0
1478,48.4305,9.996,14780.0
1479,48.5376,10.71,14790.0
1480,48.6447,9.996,14800.0
1481,48.7518,10.71,14810.0
1482,48.8589,10.71,14820.0
1483,48.9589,9.996,14830.0
1484,49.0731,10.71,14840.0
1485,49.1802,10.71,14850.0
1486,49.2873,10.71,14860.0
1487,49.3873,9.996,14870.0
1488,49.5015,11.424,14880.0
1489,49.6086,10.71,14890.0
1490,49.7157,10.71,14900.0
1491,49.8157,9.996,14910.0
1492,49.9299,10.71,14920.0
1493,50.037,10.71,14930.0
1494,50.1441,10.71,14940.0
1495,50.2512,10.71,14950.0
1496,50.3583,10.71,14960.0
1497,50.4725,11.424,14970.0
1498,50.5796,9.996,14980.0
1499,50.6867,10.71,14990.0
1500,50.7938,10.71,15000.0
1501,50.9009,10.71,15010.0
1502,51.0152,11.424,15020.0
1503,51.1223,10.71,15030.0
1504,51.2294,10.71,15040.0
1505,51.3365,10.71,15050.0
1506,51.4436,9.996,15060.0
1507,51.5578,11.424,15070.0
1508,51.6721,11.424,15080.0
1509,51.7792,10.71,15090.0
1510,51.8863,10.71,15100.0
1511,52.0005,11.424,15110.0
1512,52.1005,9.996,15120.0
1513,52.2147,10.71,15130.0
1514,52.3289,11.424,15140.0
1515,52.436,10.71,15150.0
1516,52.5431,9.996,15160.0
1517,52.6574,10.71,15170.0
1518,52.7716,11.424,15180.0
1519,52.8787,10.71,15190.0
1520,52.9858,10.71,15200.0
1521,53.1001,11.424,15210.0
1522,53.2143,11.424,15220.0
1523,53.3285,11.424,15230.0
1524,53.4356,10.71,15240.0
1525,53.5427,10.71,15250.0
1526,53.657,10.71,15260.0
1527,53.7712,11.424,15270.0
1528,53.8855,11.424,15280.0
1529,53.9926,10.71,15290.0
1530,54.0997,10.71,15300.0
1531,54.2139,10.71,15310.0
1532,54.3281,11.424,15320.0
1533,54.4424,11.424,15330.0
1534,54.5566,11.424,15340.0
1535,54.6709,11.424,15350.0
1536,54.7851,11.424,15360.0
1537,54.8922,10.71,15370.0
1538,55.0064,10.71,15380.0
1539,55.1207,11.424,15390.0
1540,55.2349,11.424,15400.0
1541,55.342,10.71,15410.0
1542,55.4562,10.71,15420.0
1543,55.5705,11.424,15430.0
1544,55.6847,11.424,15440.0
1545,55.799,11.424,15450.0
1546,55.9132,11.424,15460.0
1547,56.0274,11.424,15470.0
1548,56.1417,11.424,15480.0
1549,56.2559,11.424,15490.0
1550,56.3702,11.424,15500.0
1551,56.4844,11.424,15510.0
1552,56.5986,11.424,15520.0
1553,56.7129,11.424,15530.0
1554,56.8271,11.424,15540.0
1555,56.9414,11.424,15550.0
1556,57.0627,11.424,15560.0
1557,57.177,11.424,15570.0
1558,57.2912,11.424,15580.0
1559,57.4055,11.424,15590.0
1560,57.5268,11.424,15600.0
1561,57.6411,11.424,15610.0
1562,57.7553,11.424,15620.0
1563,57.8696,11.424,15630.0
1564,57.9838,11.424,15640.0
1565,58.098,11.424,15650.0
1566,58.2123,11.424,15660.0
1567,58.3337,11.424,15670.0
1568,58.4479,11.424,15680.0
1569,58.5693,11.424,15690.0
1570,58.6835,11.424,15700.0
1571,58.7978,11.424,15710.0
1572,58.9191,11.424,15720.0
1573,59.0405,11.424,15730.0
1574,59.1548,11.424,15740.0
1575,59.269,11.424,15750.0
1576,59.3832,11.424,15760.0
1577,59.5046,12.138,15770.0
1578,59.626,12.138,15780.0
1579,59.7402,11.424,15790.0
1580,59.8545,11.424,15800.0
1581,59.9759,11.424,15810.0
1582,60.0972,12.138,15820.0
1583,60.2115,11.424,15830.0
1584,60.3257,11.424,15840.0
1585,60.4471,12.138,15850.0
1586,60.5685,11.424,15860.0
1587,60.6827,11.424,15870.0
1588,60.8041,11.424,15880.0
1589,60.9255,11.424,15890.0
1590,61.0397,11.424,15900.0
1591,61.1611,12.138,15910.0
1592,61.2825,12.138,15920.0
1593,61.3967,11.424,15930.0
1594,61.5252,12.138,15940.0
1595,61.6395,11.424,15950.0
1596,61.7537,11.424,15960.0
1597,61.8822,12.138,15970.0
1598,61.9965,11.424,15980.0
1599,62.125,12.138,15990.0
1600,62.2392,11.424,16000.0
1601,62.3606,12.138,16010.0
1602,62.482,12.138,16020.0
1603,62.6034,12.138,16030.0
1604,62.7248,12.138,16040.0
1605,62.839,11.424,16050.0
1606,62.9675,12.852,16060.0
1607,63.0818,11.424,16070.0
1608,63.2103,12.852,16080.0
1609,63.3245,11.424,16090.0
1610,63.4459,12.138,16100.0
1611,63.5673,11.424,16110.0
1612,63.6958,12.852,16120.0
1613,63.81,11.424,16130.0
1614,63.9314,12.138,16140.0
1615,64.0528,11.424,16150.0
1616,64.1813,12.138,16160.0
1617,64.2955,11.424,16170.0
1618,64.4241,12.852,16180.0
1619,64.5454,12.138,16190.0
1620,64.6668,12.138,16200.0
1621,64.7882,12.138,16210.0
1622,64.9096,11.424,16220.0
1623,65.0381,12.138,16230.0
1624,65.1523,11.424,16240.0
1625,65.2809,12.138,16250.0
1626,65.4094,12.852,16260.0
1627,65.5236,11.424,16270.0
1628,65.6521,12.852,16280.0
1629,65.7807,12.852,16290.0
1630,65.8949,11.424,16300.0
1631,66.0234,12.852,16310.0
1632,66.1519,12.852,16320.0
1633,66.2662,11.424,16330.0
1634,66.3947,12.852,16340.0
1635,66.5232,12.852,16350.0
1636,66.6375,11.424,16360.0
1637,66.766,12.138,16370.0
1638,66.8945,12.852,16380.0
1639,67.0159,12.138,16390.0
1640,67.1444,12.138,16400.0
1641,67.2658,12.138,16410.0
1642,67.3943,12.852,16420.0
1643,67.5228,12.852,16430.0
1644,67.6442,12.138,16440.0
1645,67.7656,12.138,16450.0
1646,67.8941,12.138,16460.0
1647,68.0226,12.852,16470.0
1648,68.1511,12.852,16480.0
1649,68.2725,12.138,16490.0
1650,68.401,12.852,16500.0
1651,68.5224,12.138,16510.0
1652,68.6509,12.852,16520.0
1653,68.7795,12.852,16530.0
1654,68.908,12.852,16540.0
1655,69.0365,12.852,16550.0
1656,69.1579,12.138,16560.0
1657,69.2864,12.852,16570.0
1658,69.4078,12.138,16580.0
1659,69.5363,12.138,16590.0
1660,69.6648,12.138,16600.0
1661,69.7933,12.852,16610.0
1662,69.9219,12.852,16620.0
1663,70.0504,12.852,16630.0
1664,70.1789,12.852,16640.0
1665,70.3074,12.852,16650.0
1666,70.4359,12.852,16660.0
1667,70.5645,12.852,16670.0
1668,70.693,12.852,16680.0
1669,70.8215,12.852,16690.0
1670,70.95,12.852,16700.0
1671,71.0785,12.852,16710.0
1672,71.2071,12.852,16720.0
1673,71.3356,12.852,16730.0
1674,71.4641,12.852,16740.0
1675,71.5926,12.852,16750.0
1676,71.7211,12.852,16760.0
1677,71.8496,12.852,16770.0
1678,71.9782,12.852,16780.0
1679,72.1067,12.852,16790.0
1680,72.2352,12.852,16800.0
1681,72.3709,12.852,16810.0
1682,72.4922,12.138,16820.0
1683,72.6279,12.852,16830.0
1684,72.7564,12.852,16840.0
1685,72.8921,12.852,16850.0
1686,73.0206,12.852,16860.0
1687,73.1491,12.852,16870.0
1688,73.2776,12.852,16880.0
1689,73.4062,12.852,16890.0
1690,73.5418,13.566,16900.0
1691,73.6703,12.852,16910.0
1692,73.806,12.852,16920.0
1693,73.9345,12.852,16930.0
1694,74.063,12.852,16940.0
1695,74.1987,13.566,16950.0
1696,74.3272,12.852,16960.0
1697,74.4629,13.566,16970.0
1698,74.5914,12.852,16980.0
1699,74.7199,12.852,16990.0
1700,74.8556,13.566,17000.0
1701,74.9912,13.566,17010.0
1702,75.1198,12.852,17020.0
1703,75.2483,12.852,17030.0
1704,75.3839,12.852,17040.0
1705,75.5196,13.566,17050.0
1706,75.6481,12.852,17060.0
1707,75.7766,12.852,17070.0
1708,75.9194,13.566,17080.0
1709,76.048,12.852,17090.0
1710,76.1765,12.852,17100.0
1711,76.3193,13.566,17110.0
1712,76.4478,12.852,17120.0
1713,76.5763,12.852,17130.0
1714,76.7191,13.566,17140.0
1715,76.8476,12.852,17150.0
1716,76.9833,13.566,17160.0
1717,77.119,13.566,17170.0
1718,77.2475,12.852,17180.0
1719,77.3831,12.852,17190.0
1720,77.5188,12.852,17200.0
1721,77.6545,13.566,17210.0
1722,77.7901,13.566,17220.0
1723,77.9186,12.852,17230.0
1724,78.0614,14.28,17240.0
1725,78.19,12.852,17250.0
1726,78.3256,12.852,17260.0
1727,78.4613,12.852,17270.0
1728,78.5969,13.566,17280.0
1729,78.7326,12.852,17290.0
1730,78.8683,13.566,17300.0
1731,79.0039,13.566,17310.0
1732,79.1396,13.566,17320.0
1733,79.2752,12.852,17330.0
1734,79.4109,13.566,17340.0
1735,79.5466,13.566,17350.0
1736,79.6894,14.28,17360.0
1737,79.8179,12.852,17370.0
1738,79.9607,14.28,17380.0
1739,80.0892,12.852,17390.0
1740,80.232,14.28,17400.0
1741,80.3677,13.566,17410.0
1742,80.5033,13.566,17420.0
1743,80.639,13.566,17430.0
1744,80.7746,12.852,17440.0
1745,80.9174,14.28,17450.0
1746,81.0531,13.566,17460.0
1747,81.1888,13.566,17470.0
1748,81.3316,14.28,17480.0
1749,81.4601,12.852,17490.0
1750,81.6029,14.28,17500.0
1751,81.7457,14.28,17510.0
1752,81.8813,13.566,17520.0
1753,82.017,13.566,17530.0
1754,82.1598,14.28,17540.0
1755,82.2883,12.852,17550.0
1756,82.4311,13.566,17560.0
1757,82.5739,14.28,17570.0
1758,82.7096,13.566,17580.0
1759,82.8452,12.852,17590.0
1760,82.988,13.566,17600.0
1761,83.1308,14.28,17610.0
1762,83.2665,13.566,17620.0
1763,83.4021,13.566,17630.0
1764,83.5449,14.28,17640.0
1765,83.6877,14.28,17650.0
1766,83.8234,13.566,17660.0
1767,83.9662,13.566,17670.0
1768,84.1019,13.566,17680.0
1769,84.2447,14.28,17690.0
1770,84.3875,14.28,17700.0
1771,84.5231,13.566,17710.0
1772,84.6588,12.852,17720.0
1773,84.8016,13.566,17730.0
1774,84.9444,14.28,17740.0
1775,85.0872,14.28,17750.0
1776,85.23,14.28,17760.0
1777,85.3728,14.28,17770.0
1778,85.5156,14.28,17780.0
1779,85.6512,13.566,17790.0
1780,85.794,13.566,17800.0
1781,85.9368,14.28,17810.0
1782,86.0725,13.566,17820.0
1783,86.2153,13.566,17830.0
1784,86.3581,14.28,17840.0
1785,86.5009,14.28,17850.0
1786,86.6437,14.28,17860.0
1787,86.7865,14.28,17870.0
1788,86.9293,14.28,17880.0
1789,87.0721,14.28,17890.0
1790,87.2149,14.28,17900.0
1791,87.3577,14.28,17910.0
1792,87.5005,14.28,17920.0
1793,87.6433,14.28,17930.0
1794,87.7861,14.28,17940.0
1795,87.9289,14.28,17950.0
1796,88.0717,14.28,17960.0
1797,88.2145,14.28,17970.0
1798,88.3573,14.28,17980.0
1799,88.5001,14.28,17990.0
1800,88.6429,14.28,18000.0
1801,88.7857,14.28,18010.0
1802,88.9285,13.566,18020.0
1803,89.0784,14.28,18030.0
1804,89.2212,14.28,18040.0
1805,89.364,14.28,18050.0
1806,89.514,14.28,18060.0
1807,89.6568,14.28,18070.0
1808,89.7996,14.28,18080.0
1809,89.9424,14.28,18090.0
1810,90.0852,14.28,18100.0
1811,90.228,14.28,18110.0
1812,90.3779,14.28,18120.0
1813,90.5207,14.28,18130.0
1814,90.6706,14.28,18140.0
1815,90.8134,14.28,18150.0
1816,90.9562,14.28,18160.0
1817,91.1062,14.28,18170.0
1818,91.2561,14.994,18180.0
1819,91.3989,14.28,18190.0
1820,91.5417,14.28,18200.0
1821,91.6845,14.28,18210.0
1822,91.8345,14.994,18220.0
1823,91.9844,14.994,18230.0
1824,92.1272,14.28,18240.0
1825,92.2771,14.28,18250.0
1826,92.4199,14.28,18260.0
1827,92.5699,14.28,18270.0
1828,92.7127,14.28,18280.0
1829,92.8626,14.994,18290.0
1830,93.0126,14.994,18300.0
1831,93.1554,14.28,18310.0
1832,93.3053,14.994,18320.0
1833,93.4552,14.994,18330.0
1834,93.598,14.28,18340.0
1835,93.7408,14.28,18350.0
1836,93.8979,14.28,18360.0
1837,94.0407,14.28,18370.0
1838,94.1907,14.994,18380.0
1839,94.3406,14.994,18390.0
1840,94.4834,14.28,18400.0
1841,94.6333,14.994,18410.0
1842,94.7833,14.994,18420.0
1843,94.9332,14.994,18430.0
1844,95.0832,14.994,18440.0
1845,95.226,14.28,18450.0
1846,95.3759,14.994,18460.0
1847,95.5258,14.28,18470.0
1848,95.6758,14.994,18480.0
1849,95.8257,14.28,18490.0
1850,95.9757,14.994,18500.0
1851,96.1256,14.994,18510.0
1852,96.2755,14.994,18520.0
1853,96.4255,14.994,18530.0
1854,96.5683,14.28,18540.0
1855,96.7253,14.994,18550.0
1856,96.8753,14.994,18560.0
1857,97.0252,14.994,18570.0
1858,97.168,14.28,18580.0
1859,97.3251,14.994,18590.0
1860,97.4751,14.994,18600.0
1861,97.625,14.28,18610.0
1862,97.7749,14.994,18620.0
1863,97.9249,14.28,18630.0
1864,98.0819,14.994,18640.0
1865,98.2247,14.28,18650.0
1866,98.3818,14.994,18660.0
1867,98.5389,14.994,18670.0
1868,98.6817,14.28,18680.0
1869,98.8388,15.708,18690.0
1870,98.9887,14.994,18700.0
1871,99.1387,14.994,18710.0
1872,99.2957,15.708,18720.0
1873,99.4457,14.994,18730.0
1874,99.5956,14.994,18740.0
1875,99.7527,15.708,18750.0
1876,99.9026,14.994,18760.0
1877,100.0526,14.994,18770.0
1878,100.2097,15.708,18780.0
1879,100.3596,14.994,18790.0
1880,100.5095,14.28,18800.0
1881,100.6666,15.708,18810.0
1882,100.8237,15.708,18820.0
1883,100.9665,14.28,18830.0
1884,101.1236,14.994,18840.0
1885,101.2807,14.994,18850.0
1886,101.4377,14.994,18860.0
1887,101.5877,14.994,18870.0
1888,101.7376,14.994,18880.0
1889,101.8947,15.708,18890.0
1890,102.0518,15.708,18900.0
1891,102.2017,14.994,18910.0
1892,102.3588,14.994,18920.0
1893,102.5087,14.994,18930.0
1894,102.6658,15.708,18940.0
1895,102.8229,15.708,18950.0
1896,102.98,15.708,18960.0
1897,103.1371,15.708,18970.0
1898,103.287,14.994,18980.0
1899,103.4441,15.708,18990.0
1900,103.594,14.994,19000.0
1901,103.7511,15.708,19010.0
1902,103.9082,15.708,19020.0
1903,104.0653,15.708,19030.0
1904,104.2223,15.708,19040.0
1905,104.3794,15.708,19050.0
1906,104.5365,15.708,19060.0
1907,104.6864,14.994,19070.0
1908,104.8435,14.994,19080.0
1909,105.0006,14.994,19090.0
1910,105.1577,15.708,19100.0
1911,105.3076,14.28,19110.0
1912,105.4718,15.708,19120.0
1913,105.6218,14.994,19130.0
1914,105.786,15.708,19140.0
1915,105.9359,14.994,19150.0
1916,106.1002,15.708,19160.0
1917,106.2501,14.994,19170.0
1918,106.4143,15.708,19180.0
1919,106.5714,14.994,19190.0
1920,106.7285,15.708,19200.0
1921,106.8855,14.994,19210.0
1922,107.0498,16.422,19220.0
1923,107.1997,14.994,19230.0
1924,107.3639,15.708,19240.0
1925,107.521,15.708,19250.0
1926,107.6781,15.708,19260.0
1927,107.8352,15.708,19270.0
1928,107.9922,15.708,19280.0
1929,108.1493,15.708,19290.0
1930,108.3064,14.994,19300.0
1931,108.4706,15.708,19310.0
1932,108.6277,14.994,19320.0
1933,108.7919,15.708,19330.0
1934,108.949,15.708,19340.0
1935,109.1061,15.708,19350.0
1936,109.2632,15.708,19360.0
1937,109.4274,15.708,19370.0
1938,109.5916,16.422,19380.0
1939,109.7487,15.708,19390.0
1940,109.9058,15.708,19400.0
1941,110.0628,15.708,19410.0
1942,110.2271,15.708,19420.0
1943,110.3913,16.422,19430.0
1944,110.5484,15.708,19440.0
1945,110.7054,15.708,19450.0
1946,110.8697,16.422,19460.0
1947,111.0339,15.708,19470.0
1948,111.191,15.708,19480.0
1949,111.3552,16.422,19490.0
1950,111.5123,15.708,19500.0
1951,111.6765,15.708,19510.0
1952,111.8336,15.708,19520.0
1953,111.9978,15.708,19530.0
1954,112.162,16.422,19540.0
1955,112.3191,15.708,19550.0
1956,112.4833,15.708,19560.0
1957,112.6475,16.422,19570.0
1958,112.8046,15.708,19580.0
1959,112.9688,15.708,19590.0
1960,113.133,15.708,19600.0
1961,113.2972,16.422,19610.0
1962,113.4615,16.422,19620.0
1963,113.6186,15.708,19630.0
1964,113.7828,16.422,19640.0
1965,113.947,15.708,19650.0
1966,114.1041,15.708,19660.0
1967,114.2754,16.422,19670.0
1968,114.4397,16.422,19680.0
1969,114.6039,16.422,19690.0
1970,114.7609,15.708,19700.0
1971,114.9323,17.136,19710.0
1972,115.0894,15.708,19720.0
1973,115.2536,15.708,19730.0
1974,115.4178,15.708,19740.0
1975,115.5892,17.136,19750.0
1976,115.7463,15.708,19760.0
1977,115.9105,15.708,19770.0
1978,116.0747,15.708,19780.0
1979,116.2461,17.136,19790.0
1980,116.4031,15.708,19800.0
1981,116.5745,16.422,19810.0
1982,116.7316,15.708,19820.0
1983,116.9029,16.422,19830.0
1984,117.0672,16.422,19840.0
1985,117.2314,15.708,19850.0
1986,117.4027,17.136,19860.0
1987,117.5598,15.708,19870.0
1988,117.7312,16.422,19880.0
1989,117.8954,16.422,19890.0
1990,118.0596,15.708,19900.0
1991,118.231,16.422,19910.0
1992,118.3952,16.422,19920.0
1993,118.5594,16.422,19930.0
1994,118.7308,17.136,19940.0
1995,118.895,16.422,19950.0
1996,119.0592,15.708,19960.0
1997,119.2306,16.422,19970.0
1998,119.3948,16.422,19980.0
1999,119.559,16.422,19990.0
2000,119.7304,17.136,20000.0
2001,119.9017,17.136,20010.0
2002,120.066,16.422,20020.0
2003,120.2302,15.708,20030.0
2004,120.4015,16.422,20040.0
2005,120.5729,17.136,20050.0
2006,120.7371,16.422,20060.0
2007,120.9013,15.708,20070.0
2008,121.0727,16.422,20080.0
2009,121.2441,17.136,20090.0
2010,121.4154,17.136,20100.0
2011,121.5868,17.136,20110.0
2012,121.751,16.422,20120.0
2013,121.9223,16.422,20130.0
2014,122.0866,16.422,20140.0
2015,122.2579,16.422,20150.0
2016,122.4293,17.136,20160.0
2017,122.6006,17.136,20170.0
2018,122.772,17.136,20180.0
2019,122.9434,17.136,20190.0
2020,123.1076,16.422,20200.0
2021,123.2789,16.422,20210.0
2022,123.4503,16.422,20220.0
2023,123.6217,16.422,20230.0
2024,123.793,16.422,20240.0
2025,123.9644,16.422,20250.0
2026,124.1357,16.422,20260.0
2027,124.3071,16.422,20270.0
2028,124.4856,17.136,20280.0
2029,124.657,17.136,20290.0
2030,124.8283,17.136,20300.0
2031,124.9997,17.136,20310.0
2032,125.171,17.136,20320.0
2033,125.3495,17.136,20330.0
2034,125.528,17.136,20340.0
2035,125.6994,17.136,20350.0
2036,125.8708,17.136,20360.0
2037,126.0564,17.85,20370.0
2038,126.2278,17.136,20380.0
2039,126.4063,17.85,20390.0
2040,126.5848,17.136,20400.0
2041,126.7561,17.136,20410.0
2042,126.9346,17.85,20420.0
2043,127.1131,17.136,20430.0
2044,127.2916,17.85,20440.0
2045,127.4701,17.136,20450.0
2046,127.6415,17.136,20460.0
2047,127.8271,17.85,20470.0
